room_type_Entire home/apt,amenities,bathrooms,number_of_reviews,accommodates,review_scores_rating,bedrooms,host_response_rate,city_SF,beds,city_LA,host_identity_verified_t,cleaning_fee,instant_bookable_t,room_type_Private room,city_DC,property_type_House,cancellation_policy_strict,cancellation_policy_flexible,city_Chicago,city_NYC,cancellation_policy_moderate,property_type_Apartment,property_type_Condominium,property_type_Loft,bed_type_Real Bed,property_type_Townhouse,property_type_Other,property_type_Bed & Breakfast,bed_type_Futon
1.0,152,1.0,2.0,3.0,100.0,1.0,1.0,0.0,1.0,0.0,1.0,1.0,0.0,0.0,0.0,0.0,1.0,0.0,0.0,1.0,0.0,1.0,0.0,0.0,1.0,0.0,0.0,0.0,0.0
0.0,218,1.5,6.0,7.0,93.0,3.0,0.71,1.0,3.0,1.0,0.0,0.0,1.0,1.0,1.0,1.0,0.0,1.0,1.0,0.0,1.0,0.0,1.0,1.0,0.0,1.0,1.0,1.0,1.0
,311,2.0,10.0,5.0,92.0,2.0,0.68,,2.0,,,,,,,,,,,,,,,,,,,,
,210,2.5,0.0,4.0,96.0,0.0,0.67,,7.0,,,,,,,,,,,,,,,,,,,,
,174,3.0,4.0,2.0,40.0,4.0,0.83,,4.0,,,,,,,,,,,,,,,,,,,,
,159,0.5,3.0,6.0,97.0,5.0,0.5,,6.0,,,,,,,,,,,,,,,,,,,,
,284,4.5,15.0,8.0,99.0,6.0,0.9,,5.0,,,,,,,,,,,,,,,,,,,,
,362,5.0,9.0,1.0,90.0,7.0,0.86,,10.0,,,,,,,,,,,,,,,,,,,,
,321,0.0,159.0,9.0,89.0,8.0,0.92,,8.0,,,,,,,,,,,,,,,,,,,,
,225,4.0,82.0,10.0,91.0,9.0,0.82,,16.0,,,,,,,,,,,,,,,,,,,,
,242,3.5,29.0,16.0,88.0,10.0,0.8,,9.0,,,,,,,,,,,,,,,,,,,,
,308,5.5,13.0,11.0,86.0,,0.89,,13.0,,,,,,,,,,,,,,,,,,,,
,241,7.5,12.0,12.0,72.0,,0.93,,12.0,,,,,,,,,,,,,,,,,,,,
,351,6.0,26.0,14.0,98.0,,0.99,,11.0,,,,,,,,,,,,,,,,,,,,
,130,8.0,5.0,13.0,95.0,,0.0,,14.0,,,,,,,,,,,,,,,,,,,,
,171,7.0,57.0,15.0,84.0,,0.88,,15.0,,,,,,,,,,,,,,,,,,,,
,325,6.5,73.0,,80.0,,0.96,,0.0,,,,,,,,,,,,,,,,,,,,
,317,,14.0,,94.0,,0.7,,18.0,,,,,,,,,,,,,,,,,,,,
,256,,1.0,,87.0,,0.94,,,,,,,,,,,,,,,,,,,,,,
,342,,40.0,,85.0,,0.91,,,,,,,,,,,,,,,,,,,,,,
,295,,248.0,,70.0,,0.25,,,,,,,,,,,,,,,,,,,,,,
,226,,46.0,,60.0,,0.95,,,,,,,,,,,,,,,,,,,,,,
,404,,17.0,,75.0,,0.98,,,,,,,,,,,,,,,,,,,,,,
,206,,138.0,,20.0,,0.62,,,,,,,,,,,,,,,,,,,,,,
,683,,11.0,,76.0,,0.29,,,,,,,,,,,,,,,,,,,,,,
,246,,44.0,,83.0,,0.33,,,,,,,,,,,,,,,,,,,,,,
,323,,34.0,,82.0,,0.81,,,,,,,,,,,,,,,,,,,,,,
,193,,85.0,,78.0,,0.63,,,,,,,,,,,,,,,,,,,,,,
,280,,18.0,,73.0,,0.38,,,,,,,,,,,,,,,,,,,,,,
,360,,31.0,,55.0,,0.6,,,,,,,,,,,,,,,,,,,,,,
,250,,30.0,,81.0,,0.79,,,,,,,,,,,,,,,,,,,,,,
,378,,19.0,,67.0,,0.78,,,,,,,,,,,,,,,,,,,,,,
,405,,25.0,,71.0,,0.75,,,,,,,,,,,,,,,,,,,,,,
,261,,22.0,,77.0,,0.65,,,,,,,,,,,,,,,,,,,,,,
,459,,23.0,,79.0,,0.97,,,,,,,,,,,,,,,,,,,,,,
,268,,28.0,,47.0,,0.87,,,,,,,,,,,,,,,,,,,,,,
,117,,7.0,,74.0,,0.4,,,,,,,,,,,,,,,,,,,,,,
,382,,32.0,,68.0,,0.54,,,,,,,,,,,,,,,,,,,,,,
,278,,144.0,,66.0,,0.53,,,,,,,,,,,,,,,,,,,,,,
,314,,16.0,,63.0,,0.58,,,,,,,,,,,,,,,,,,,,,,
,215,,38.0,,50.0,,0.76,,,,,,,,,,,,,,,,,,,,,,
,212,,105.0,,53.0,,0.3,,,,,,,,,,,,,,,,,,,,,,
,190,,59.0,,65.0,,0.64,,,,,,,,,,,,,,,,,,,,,,
,304,,67.0,,64.0,,0.17,,,,,,,,,,,,,,,,,,,,,,
,111,,21.0,,27.0,,0.2,,,,,,,,,,,,,,,,,,,,,,
,356,,120.0,,69.0,,0.77,,,,,,,,,,,,,,,,,,,,,,
,302,,8.0,,30.0,,0.73,,,,,,,,,,,,,,,,,,,,,,
,162,,61.0,,58.0,,0.41,,,,,,,,,,,,,,,,,,,,,,
,183,,87.0,,35.0,,0.59,,,,,,,,,,,,,,,,,,,,,,
,316,,206.0,,62.0,,0.57,,,,,,,,,,,,,,,,,,,,,,
,258,,43.0,,49.0,,0.85,,,,,,,,,,,,,,,,,,,,,,
,224,,104.0,,57.0,,0.56,,,,,,,,,,,,,,,,,,,,,,
,230,,47.0,,54.0,,0.42,,,,,,,,,,,,,,,,,,,,,,
,407,,63.0,,56.0,,0.44,,,,,,,,,,,,,,,,,,,,,,
,289,,186.0,,,,0.35,,,,,,,,,,,,,,,,,,,,,,
,367,,36.0,,,,0.14,,,,,,,,,,,,,,,,,,,,,,
,277,,27.0,,,,0.74,,,,,,,,,,,,,,,,,,,,,,
,172,,167.0,,,,0.27,,,,,,,,,,,,,,,,,,,,,,
,169,,48.0,,,,0.1,,,,,,,,,,,,,,,,,,,,,,
,2,,102.0,,,,0.84,,,,,,,,,,,,,,,,,,,,,,
,309,,51.0,,,,0.06,,,,,,,,,,,,,,,,,,,,,,
,191,,126.0,,,,0.72,,,,,,,,,,,,,,,,,,,,,,
,370,,81.0,,,,0.36,,,,,,,,,,,,,,,,,,,,,,
,303,,58.0,,,,0.55,,,,,,,,,,,,,,,,,,,,,,
,89,,72.0,,,,0.43,,,,,,,,,,,,,,,,,,,,,,
,229,,68.0,,,,0.13,,,,,,,,,,,,,,,,,,,,,,
,105,,107.0,,,,0.39,,,,,,,,,,,,,,,,,,,,,,
,328,,79.0,,,,0.46,,,,,,,,,,,,,,,,,,,,,,
,126,,98.0,,,,0.26,,,,,,,,,,,,,,,,,,,,,,
,285,,39.0,,,,0.61,,,,,,,,,,,,,,,,,,,,,,
,262,,187.0,,,,0.52,,,,,,,,,,,,,,,,,,,,,,
,150,,123.0,,,,0.23,,,,,,,,,,,,,,,,,,,,,,
,178,,70.0,,,,0.22,,,,,,,,,,,,,,,,,,,,,,
,197,,78.0,,,,0.69,,,,,,,,,,,,,,,,,,,,,,
,333,,55.0,,,,0.66,,,,,,,,,,,,,,,,,,,,,,
,205,,54.0,,,,0.15,,,,,,,,,,,,,,,,,,,,,,
,664,,52.0,,,,0.11,,,,,,,,,,,,,,,,,,,,,,
,357,,42.0,,,,0.31,,,,,,,,,,,,,,,,,,,,,,
,202,,75.0,,,,0.21,,,,,,,,,,,,,,,,,,,,,,
,232,,128.0,,,,0.47,,,,,,,,,,,,,,,,,,,,,,
,201,,60.0,,,,,,,,,,,,,,,,,,,,,,,,,,
,189,,90.0,,,,,,,,,,,,,,,,,,,,,,,,,,
,165,,254.0,,,,,,,,,,,,,,,,,,,,,,,,,,
,266,,135.0,,,,,,,,,,,,,,,,,,,,,,,,,,
,340,,64.0,,,,,,,,,,,,,,,,,,,,,,,,,,
,260,,99.0,,,,,,,,,,,,,,,,,,,,,,,,,,
,290,,191.0,,,,,,,,,,,,,,,,,,,,,,,,,,
,125,,24.0,,,,,,,,,,,,,,,,,,,,,,,,,,
,307,,66.0,,,,,,,,,,,,,,,,,,,,,,,,,,
,175,,139.0,,,,,,,,,,,,,,,,,,,,,,,,,,
,372,,125.0,,,,,,,,,,,,,,,,,,,,,,,,,,
,424,,129.0,,,,,,,,,,,,,,,,,,,,,,,,,,
,327,,74.0,,,,,,,,,,,,,,,,,,,,,,,,,,
,176,,318.0,,,,,,,,,,,,,,,,,,,,,,,,,,
,338,,33.0,,,,,,,,,,,,,,,,,,,,,,,,,,
,208,,35.0,,,,,,,,,,,,,,,,,,,,,,,,,,
,49,,37.0,,,,,,,,,,,,,,,,,,,,,,,,,,
,146,,20.0,,,,,,,,,,,,,,,,,,,,,,,,,,
,551,,93.0,,,,,,,,,,,,,,,,,,,,,,,,,,
,45,,83.0,,,,,,,,,,,,,,,,,,,,,,,,,,
,222,,45.0,,,,,,,,,,,,,,,,,,,,,,,,,,
,92,,41.0,,,,,,,,,,,,,,,,,,,,,,,,,,
,158,,49.0,,,,,,,,,,,,,,,,,,,,,,,,,,
,293,,289.0,,,,,,,,,,,,,,,,,,,,,,,,,,
,470,,190.0,,,,,,,,,,,,,,,,,,,,,,,,,,
,147,,62.0,,,,,,,,,,,,,,,,,,,,,,,,,,
,336,,88.0,,,,,,,,,,,,,,,,,,,,,,,,,,
,219,,127.0,,,,,,,,,,,,,,,,,,,,,,,,,,
,204,,154.0,,,,,,,,,,,,,,,,,,,,,,,,,,
,299,,118.0,,,,,,,,,,,,,,,,,,,,,,,,,,
,368,,216.0,,,,,,,,,,,,,,,,,,,,,,,,,,
,240,,136.0,,,,,,,,,,,,,,,,,,,,,,,,,,
,177,,69.0,,,,,,,,,,,,,,,,,,,,,,,,,,
,223,,314.0,,,,,,,,,,,,,,,,,,,,,,,,,,
,239,,112.0,,,,,,,,,,,,,,,,,,,,,,,,,,
,358,,77.0,,,,,,,,,,,,,,,,,,,,,,,,,,
,418,,56.0,,,,,,,,,,,,,,,,,,,,,,,,,,
,138,,181.0,,,,,,,,,,,,,,,,,,,,,,,,,,
,386,,53.0,,,,,,,,,,,,,,,,,,,,,,,,,,
,68,,117.0,,,,,,,,,,,,,,,,,,,,,,,,,,
,286,,101.0,,,,,,,,,,,,,,,,,,,,,,,,,,
,354,,106.0,,,,,,,,,,,,,,,,,,,,,,,,,,
,121,,255.0,,,,,,,,,,,,,,,,,,,,,,,,,,
,106,,114.0,,,,,,,,,,,,,,,,,,,,,,,,,,
,379,,110.0,,,,,,,,,,,,,,,,,,,,,,,,,,
,195,,192.0,,,,,,,,,,,,,,,,,,,,,,,,,,
,112,,76.0,,,,,,,,,,,,,,,,,,,,,,,,,,
,365,,113.0,,,,,,,,,,,,,,,,,,,,,,,,,,
,615,,91.0,,,,,,,,,,,,,,,,,,,,,,,,,,
,297,,182.0,,,,,,,,,,,,,,,,,,,,,,,,,,
,322,,84.0,,,,,,,,,,,,,,,,,,,,,,,,,,
,248,,146.0,,,,,,,,,,,,,,,,,,,,,,,,,,
,447,,119.0,,,,,,,,,,,,,,,,,,,,,,,,,,
,417,,86.0,,,,,,,,,,,,,,,,,,,,,,,,,,
,40,,50.0,,,,,,,,,,,,,,,,,,,,,,,,,,
,244,,71.0,,,,,,,,,,,,,,,,,,,,,,,,,,
,196,,157.0,,,,,,,,,,,,,,,,,,,,,,,,,,
,637,,95.0,,,,,,,,,,,,,,,,,,,,,,,,,,
,253,,94.0,,,,,,,,,,,,,,,,,,,,,,,,,,
,443,,158.0,,,,,,,,,,,,,,,,,,,,,,,,,,
,490,,142.0,,,,,,,,,,,,,,,,,,,,,,,,,,
,135,,97.0,,,,,,,,,,,,,,,,,,,,,,,,,,
,305,,194.0,,,,,,,,,,,,,,,,,,,,,,,,,,
,198,,173.0,,,,,,,,,,,,,,,,,,,,,,,,,,
,334,,122.0,,,,,,,,,,,,,,,,,,,,,,,,,,
,393,,132.0,,,,,,,,,,,,,,,,,,,,,,,,,,
,115,,171.0,,,,,,,,,,,,,,,,,,,,,,,,,,
,157,,111.0,,,,,,,,,,,,,,,,,,,,,,,,,,
,391,,161.0,,,,,,,,,,,,,,,,,,,,,,,,,,
,339,,208.0,,,,,,,,,,,,,,,,,,,,,,,,,,
,341,,131.0,,,,,,,,,,,,,,,,,,,,,,,,,,
,194,,384.0,,,,,,,,,,,,,,,,,,,,,,,,,,
,349,,133.0,,,,,,,,,,,,,,,,,,,,,,,,,,
,488,,116.0,,,,,,,,,,,,,,,,,,,,,,,,,,
,481,,134.0,,,,,,,,,,,,,,,,,,,,,,,,,,
,90,,148.0,,,,,,,,,,,,,,,,,,,,,,,,,,
,128,,89.0,,,,,,,,,,,,,,,,,,,,,,,,,,
,96,,156.0,,,,,,,,,,,,,,,,,,,,,,,,,,
,254,,179.0,,,,,,,,,,,,,,,,,,,,,,,,,,
,270,,150.0,,,,,,,,,,,,,,,,,,,,,,,,,,
,276,,147.0,,,,,,,,,,,,,,,,,,,,,,,,,,
,155,,145.0,,,,,,,,,,,,,,,,,,,,,,,,,,
,581,,202.0,,,,,,,,,,,,,,,,,,,,,,,,,,
,467,,258.0,,,,,,,,,,,,,,,,,,,,,,,,,,
,281,,178.0,,,,,,,,,,,,,,,,,,,,,,,,,,
,346,,200.0,,,,,,,,,,,,,,,,,,,,,,,,,,
,494,,155.0,,,,,,,,,,,,,,,,,,,,,,,,,,
,236,,163.0,,,,,,,,,,,,,,,,,,,,,,,,,,
,207,,149.0,,,,,,,,,,,,,,,,,,,,,,,,,,
,275,,267.0,,,,,,,,,,,,,,,,,,,,,,,,,,
,238,,100.0,,,,,,,,,,,,,,,,,,,,,,,,,,
,23,,65.0,,,,,,,,,,,,,,,,,,,,,,,,,,
,149,,207.0,,,,,,,,,,,,,,,,,,,,,,,,,,
,154,,242.0,,,,,,,,,,,,,,,,,,,,,,,,,,
,434,,172.0,,,,,,,,,,,,,,,,,,,,,,,,,,
,263,,121.0,,,,,,,,,,,,,,,,,,,,,,,,,,
,315,,180.0,,,,,,,,,,,,,,,,,,,,,,,,,,
,180,,80.0,,,,,,,,,,,,,,,,,,,,,,,,,,
,269,,92.0,,,,,,,,,,,,,,,,,,,,,,,,,,
,595,,263.0,,,,,,,,,,,,,,,,,,,,,,,,,,
,91,,193.0,,,,,,,,,,,,,,,,,,,,,,,,,,
,227,,251.0,,,,,,,,,,,,,,,,,,,,,,,,,,
,416,,199.0,,,,,,,,,,,,,,,,,,,,,,,,,,
,179,,103.0,,,,,,,,,,,,,,,,,,,,,,,,,,
,141,,166.0,,,,,,,,,,,,,,,,,,,,,,,,,,
,300,,237.0,,,,,,,,,,,,,,,,,,,,,,,,,,
,104,,290.0,,,,,,,,,,,,,,,,,,,,,,,,,,
,375,,137.0,,,,,,,,,,,,,,,,,,,,,,,,,,
,199,,153.0,,,,,,,,,,,,,,,,,,,,,,,,,,
,231,,96.0,,,,,,,,,,,,,,,,,,,,,,,,,,
,251,,425.0,,,,,,,,,,,,,,,,,,,,,,,,,,
,318,,185.0,,,,,,,,,,,,,,,,,,,,,,,,,,
,436,,140.0,,,,,,,,,,,,,,,,,,,,,,,,,,
,401,,168.0,,,,,,,,,,,,,,,,,,,,,,,,,,
,127,,162.0,,,,,,,,,,,,,,,,,,,,,,,,,,
,301,,360.0,,,,,,,,,,,,,,,,,,,,,,,,,,
,160,,143.0,,,,,,,,,,,,,,,,,,,,,,,,,,
,185,,214.0,,,,,,,,,,,,,,,,,,,,,,,,,,
,186,,141.0,,,,,,,,,,,,,,,,,,,,,,,,,,
,283,,246.0,,,,,,,,,,,,,,,,,,,,,,,,,,
,62,,217.0,,,,,,,,,,,,,,,,,,,,,,,,,,
,394,,195.0,,,,,,,,,,,,,,,,,,,,,,,,,,
,213,,196.0,,,,,,,,,,,,,,,,,,,,,,,,,,
,320,,109.0,,,,,,,,,,,,,,,,,,,,,,,,,,
,444,,273.0,,,,,,,,,,,,,,,,,,,,,,,,,,
,366,,305.0,,,,,,,,,,,,,,,,,,,,,,,,,,
,306,,351.0,,,,,,,,,,,,,,,,,,,,,,,,,,
,237,,152.0,,,,,,,,,,,,,,,,,,,,,,,,,,
,265,,189.0,,,,,,,,,,,,,,,,,,,,,,,,,,
,376,,269.0,,,,,,,,,,,,,,,,,,,,,,,,,,
,422,,221.0,,,,,,,,,,,,,,,,,,,,,,,,,,
,217,,317.0,,,,,,,,,,,,,,,,,,,,,,,,,,
,267,,218.0,,,,,,,,,,,,,,,,,,,,,,,,,,
,396,,336.0,,,,,,,,,,,,,,,,,,,,,,,,,,
,291,,272.0,,,,,,,,,,,,,,,,,,,,,,,,,,
,458,,175.0,,,,,,,,,,,,,,,,,,,,,,,,,,
,352,,215.0,,,,,,,,,,,,,,,,,,,,,,,,,,
,361,,188.0,,,,,,,,,,,,,,,,,,,,,,,,,,
,331,,278.0,,,,,,,,,,,,,,,,,,,,,,,,,,
,326,,383.0,,,,,,,,,,,,,,,,,,,,,,,,,,
,364,,169.0,,,,,,,,,,,,,,,,,,,,,,,,,,
,216,,160.0,,,,,,,,,,,,,,,,,,,,,,,,,,
,310,,203.0,,,,,,,,,,,,,,,,,,,,,,,,,,
,433,,165.0,,,,,,,,,,,,,,,,,,,,,,,,,,
,335,,115.0,,,,,,,,,,,,,,,,,,,,,,,,,,
,344,,108.0,,,,,,,,,,,,,,,,,,,,,,,,,,
,255,,130.0,,,,,,,,,,,,,,,,,,,,,,,,,,
,577,,256.0,,,,,,,,,,,,,,,,,,,,,,,,,,
,455,,198.0,,,,,,,,,,,,,,,,,,,,,,,,,,
,192,,323.0,,,,,,,,,,,,,,,,,,,,,,,,,,
,409,,465.0,,,,,,,,,,,,,,,,,,,,,,,,,,
,383,,302.0,,,,,,,,,,,,,,,,,,,,,,,,,,
,466,,469.0,,,,,,,,,,,,,,,,,,,,,,,,,,
,145,,124.0,,,,,,,,,,,,,,,,,,,,,,,,,,
,173,,220.0,,,,,,,,,,,,,,,,,,,,,,,,,,
,220,,204.0,,,,,,,,,,,,,,,,,,,,,,,,,,
,257,,170.0,,,,,,,,,,,,,,,,,,,,,,,,,,
,387,,480.0,,,,,,,,,,,,,,,,,,,,,,,,,,
,345,,287.0,,,,,,,,,,,,,,,,,,,,,,,,,,
,214,,225.0,,,,,,,,,,,,,,,,,,,,,,,,,,
,161,,492.0,,,,,,,,,,,,,,,,,,,,,,,,,,
,272,,224.0,,,,,,,,,,,,,,,,,,,,,,,,,,
,419,,201.0,,,,,,,,,,,,,,,,,,,,,,,,,,
,144,,288.0,,,,,,,,,,,,,,,,,,,,,,,,,,
,153,,389.0,,,,,,,,,,,,,,,,,,,,,,,,,,
,381,,343.0,,,,,,,,,,,,,,,,,,,,,,,,,,
,689,,306.0,,,,,,,,,,,,,,,,,,,,,,,,,,
,203,,303.0,,,,,,,,,,,,,,,,,,,,,,,,,,
,211,,222.0,,,,,,,,,,,,,,,,,,,,,,,,,,
,374,,212.0,,,,,,,,,,,,,,,,,,,,,,,,,,
,353,,228.0,,,,,,,,,,,,,,,,,,,,,,,,,,
,164,,236.0,,,,,,,,,,,,,,,,,,,,,,,,,,
,463,,205.0,,,,,,,,,,,,,,,,,,,,,,,,,,
,259,,281.0,,,,,,,,,,,,,,,,,,,,,,,,,,
,274,,327.0,,,,,,,,,,,,,,,,,,,,,,,,,,
,134,,211.0,,,,,,,,,,,,,,,,,,,,,,,,,,
,296,,270.0,,,,,,,,,,,,,,,,,,,,,,,,,,
,279,,174.0,,,,,,,,,,,,,,,,,,,,,,,,,,
,472,,176.0,,,,,,,,,,,,,,,,,,,,,,,,,,
,402,,291.0,,,,,,,,,,,,,,,,,,,,,,,,,,
,403,,209.0,,,,,,,,,,,,,,,,,,,,,,,,,,
,348,,164.0,,,,,,,,,,,,,,,,,,,,,,,,,,
,324,,227.0,,,,,,,,,,,,,,,,,,,,,,,,,,
,56,,337.0,,,,,,,,,,,,,,,,,,,,,,,,,,
,247,,400.0,,,,,,,,,,,,,,,,,,,,,,,,,,
,423,,252.0,,,,,,,,,,,,,,,,,,,,,,,,,,
,273,,183.0,,,,,,,,,,,,,,,,,,,,,,,,,,
,95,,268.0,,,,,,,,,,,,,,,,,,,,,,,,,,
,78,,280.0,,,,,,,,,,,,,,,,,,,,,,,,,,
,234,,335.0,,,,,,,,,,,,,,,,,,,,,,,,,,
,136,,298.0,,,,,,,,,,,,,,,,,,,,,,,,,,
,337,,260.0,,,,,,,,,,,,,,,,,,,,,,,,,,
,137,,366.0,,,,,,,,,,,,,,,,,,,,,,,,,,
,233,,322.0,,,,,,,,,,,,,,,,,,,,,,,,,,
,414,,304.0,,,,,,,,,,,,,,,,,,,,,,,,,,
,312,,226.0,,,,,,,,,,,,,,,,,,,,,,,,,,
,332,,197.0,,,,,,,,,,,,,,,,,,,,,,,,,,
,48,,378.0,,,,,,,,,,,,,,,,,,,,,,,,,,
,221,,249.0,,,,,,,,,,,,,,,,,,,,,,,,,,
,170,,234.0,,,,,,,,,,,,,,,,,,,,,,,,,,
,298,,279.0,,,,,,,,,,,,,,,,,,,,,,,,,,
,532,,219.0,,,,,,,,,,,,,,,,,,,,,,,,,,
,182,,329.0,,,,,,,,,,,,,,,,,,,,,,,,,,
,142,,262.0,,,,,,,,,,,,,,,,,,,,,,,,,,
,413,,349.0,,,,,,,,,,,,,,,,,,,,,,,,,,
,46,,151.0,,,,,,,,,,,,,,,,,,,,,,,,,,
,264,,213.0,,,,,,,,,,,,,,,,,,,,,,,,,,
,384,,311.0,,,,,,,,,,,,,,,,,,,,,,,,,,
,59,,542.0,,,,,,,,,,,,,,,,,,,,,,,,,,
,695,,253.0,,,,,,,,,,,,,,,,,,,,,,,,,,
,57,,367.0,,,,,,,,,,,,,,,,,,,,,,,,,,
,330,,238.0,,,,,,,,,,,,,,,,,,,,,,,,,,
,187,,184.0,,,,,,,,,,,,,,,,,,,,,,,,,,
,584,,449.0,,,,,,,,,,,,,,,,,,,,,,,,,,
,245,,354.0,,,,,,,,,,,,,,,,,,,,,,,,,,
,131,,232.0,,,,,,,,,,,,,,,,,,,,,,,,,,
,441,,275.0,,,,,,,,,,,,,,,,,,,,,,,,,,
,454,,177.0,,,,,,,,,,,,,,,,,,,,,,,,,,
,735,,391.0,,,,,,,,,,,,,,,,,,,,,,,,,,
,479,,356.0,,,,,,,,,,,,,,,,,,,,,,,,,,
,287,,379.0,,,,,,,,,,,,,,,,,,,,,,,,,,
,188,,264.0,,,,,,,,,,,,,,,,,,,,,,,,,,
,87,,339.0,,,,,,,,,,,,,,,,,,,,,,,,,,
,80,,241.0,,,,,,,,,,,,,,,,,,,,,,,,,,
,469,,370.0,,,,,,,,,,,,,,,,,,,,,,,,,,
,371,,532.0,,,,,,,,,,,,,,,,,,,,,,,,,,
,355,,231.0,,,,,,,,,,,,,,,,,,,,,,,,,,
,350,,495.0,,,,,,,,,,,,,,,,,,,,,,,,,,
,408,,229.0,,,,,,,,,,,,,,,,,,,,,,,,,,
,167,,326.0,,,,,,,,,,,,,,,,,,,,,,,,,,
,129,,240.0,,,,,,,,,,,,,,,,,,,,,,,,,,
,200,,292.0,,,,,,,,,,,,,,,,,,,,,,,,,,
,648,,257.0,,,,,,,,,,,,,,,,,,,,,,,,,,
,411,,296.0,,,,,,,,,,,,,,,,,,,,,,,,,,
,119,,309.0,,,,,,,,,,,,,,,,,,,,,,,,,,
,271,,282.0,,,,,,,,,,,,,,,,,,,,,,,,,,
,122,,210.0,,,,,,,,,,,,,,,,,,,,,,,,,,
,184,,328.0,,,,,,,,,,,,,,,,,,,,,,,,,,
,359,,313.0,,,,,,,,,,,,,,,,,,,,,,,,,,
,113,,294.0,,,,,,,,,,,,,,,,,,,,,,,,,,
,627,,230.0,,,,,,,,,,,,,,,,,,,,,,,,,,
,465,,277.0,,,,,,,,,,,,,,,,,,,,,,,,,,
,456,,530.0,,,,,,,,,,,,,,,,,,,,,,,,,,
,209,,332.0,,,,,,,,,,,,,,,,,,,,,,,,,,
,429,,394.0,,,,,,,,,,,,,,,,,,,,,,,,,,
,874,,286.0,,,,,,,,,,,,,,,,,,,,,,,,,,
,644,,284.0,,,,,,,,,,,,,,,,,,,,,,,,,,
,319,,297.0,,,,,,,,,,,,,,,,,,,,,,,,,,
,58,,347.0,,,,,,,,,,,,,,,,,,,,,,,,,,
,243,,308.0,,,,,,,,,,,,,,,,,,,,,,,,,,
,380,,247.0,,,,,,,,,,,,,,,,,,,,,,,,,,
,124,,250.0,,,,,,,,,,,,,,,,,,,,,,,,,,
,288,,243.0,,,,,,,,,,,,,,,,,,,,,,,,,,
,151,,223.0,,,,,,,,,,,,,,,,,,,,,,,,,,
,377,,338.0,,,,,,,,,,,,,,,,,,,,,,,,,,
,294,,451.0,,,,,,,,,,,,,,,,,,,,,,,,,,
,561,,274.0,,,,,,,,,,,,,,,,,,,,,,,,,,
,132,,605.0,,,,,,,,,,,,,,,,,,,,,,,,,,
,385,,453.0,,,,,,,,,,,,,,,,,,,,,,,,,,
,431,,385.0,,,,,,,,,,,,,,,,,,,,,,,,,,
,343,,266.0,,,,,,,,,,,,,,,,,,,,,,,,,,
,563,,525.0,,,,,,,,,,,,,,,,,,,,,,,,,,
,347,,283.0,,,,,,,,,,,,,,,,,,,,,,,,,,
,553,,344.0,,,,,,,,,,,,,,,,,,,,,,,,,,
,440,,307.0,,,,,,,,,,,,,,,,,,,,,,,,,,
,282,,295.0,,,,,,,,,,,,,,,,,,,,,,,,,,
,72,,321.0,,,,,,,,,,,,,,,,,,,,,,,,,,
,74,,271.0,,,,,,,,,,,,,,,,,,,,,,,,,,
,86,,244.0,,,,,,,,,,,,,,,,,,,,,,,,,,
,143,,320.0,,,,,,,,,,,,,,,,,,,,,,,,,,
,116,,285.0,,,,,,,,,,,,,,,,,,,,,,,,,,
,452,,239.0,,,,,,,,,,,,,,,,,,,,,,,,,,
,435,,259.0,,,,,,,,,,,,,,,,,,,,,,,,,,
,292,,423.0,,,,,,,,,,,,,,,,,,,,,,,,,,
,605,,388.0,,,,,,,,,,,,,,,,,,,,,,,,,,
,75,,233.0,,,,,,,,,,,,,,,,,,,,,,,,,,
,108,,235.0,,,,,,,,,,,,,,,,,,,,,,,,,,
,228,,276.0,,,,,,,,,,,,,,,,,,,,,,,,,,
,118,,474.0,,,,,,,,,,,,,,,,,,,,,,,,,,
,235,,374.0,,,,,,,,,,,,,,,,,,,,,,,,,,
,181,,505.0,,,,,,,,,,,,,,,,,,,,,,,,,,
,406,,353.0,,,,,,,,,,,,,,,,,,,,,,,,,,
,397,,331.0,,,,,,,,,,,,,,,,,,,,,,,,,,
,617,,334.0,,,,,,,,,,,,,,,,,,,,,,,,,,
,461,,382.0,,,,,,,,,,,,,,,,,,,,,,,,,,
,363,,380.0,,,,,,,,,,,,,,,,,,,,,,,,,,
,710,,358.0,,,,,,,,,,,,,,,,,,,,,,,,,,
,415,,265.0,,,,,,,,,,,,,,,,,,,,,,,,,,
,163,,376.0,,,,,,,,,,,,,,,,,,,,,,,,,,
,449,,315.0,,,,,,,,,,,,,,,,,,,,,,,,,,
,476,,341.0,,,,,,,,,,,,,,,,,,,,,,,,,,
,120,,,,,,,,,,,,,,,,,,,,,,,,,,,,
,168,,,,,,,,,,,,,,,,,,,,,,,,,,,,
,329,,,,,,,,,,,,,,,,,,,,,,,,,,,,
,645,,,,,,,,,,,,,,,,,,,,,,,,,,,,
,139,,,,,,,,,,,,,,,,,,,,,,,,,,,,
,313,,,,,,,,,,,,,,,,,,,,,,,,,,,,
,114,,,,,,,,,,,,,,,,,,,,,,,,,,,,
,107,,,,,,,,,,,,,,,,,,,,,,,,,,,,
,610,,,,,,,,,,,,,,,,,,,,,,,,,,,,
,478,,,,,,,,,,,,,,,,,,,,,,,,,,,,
,706,,,,,,,,,,,,,,,,,,,,,,,,,,,,
,512,,,,,,,,,,,,,,,,,,,,,,,,,,,,
,148,,,,,,,,,,,,,,,,,,,,,,,,,,,,
,249,,,,,,,,,,,,,,,,,,,,,,,,,,,,
,395,,,,,,,,,,,,,,,,,,,,,,,,,,,,
,438,,,,,,,,,,,,,,,,,,,,,,,,,,,,
,373,,,,,,,,,,,,,,,,,,,,,,,,,,,,
,439,,,,,,,,,,,,,,,,,,,,,,,,,,,,
,523,,,,,,,,,,,,,,,,,,,,,,,,,,,,
,82,,,,,,,,,,,,,,,,,,,,,,,,,,,,
,520,,,,,,,,,,,,,,,,,,,,,,,,,,,,
,156,,,,,,,,,,,,,,,,,,,,,,,,,,,,
,580,,,,,,,,,,,,,,,,,,,,,,,,,,,,
,36,,,,,,,,,,,,,,,,,,,,,,,,,,,,
,388,,,,,,,,,,,,,,,,,,,,,,,,,,,,
,84,,,,,,,,,,,,,,,,,,,,,,,,,,,,
,410,,,,,,,,,,,,,,,,,,,,,,,,,,,,
,102,,,,,,,,,,,,,,,,,,,,,,,,,,,,
,166,,,,,,,,,,,,,,,,,,,,,,,,,,,,
,510,,,,,,,,,,,,,,,,,,,,,,,,,,,,
,547,,,,,,,,,,,,,,,,,,,,,,,,,,,,
,430,,,,,,,,,,,,,,,,,,,,,,,,,,,,
,140,,,,,,,,,,,,,,,,,,,,,,,,,,,,
,507,,,,,,,,,,,,,,,,,,,,,,,,,,,,
,872,,,,,,,,,,,,,,,,,,,,,,,,,,,,
,661,,,,,,,,,,,,,,,,,,,,,,,,,,,,
,94,,,,,,,,,,,,,,,,,,,,,,,,,,,,
,389,,,,,,,,,,,,,,,,,,,,,,,,,,,,
,79,,,,,,,,,,,,,,,,,,,,,,,,,,,,
,123,,,,,,,,,,,,,,,,,,,,,,,,,,,,
,400,,,,,,,,,,,,,,,,,,,,,,,,,,,,
,399,,,,,,,,,,,,,,,,,,,,,,,,,,,,
,93,,,,,,,,,,,,,,,,,,,,,,,,,,,,
,369,,,,,,,,,,,,,,,,,,,,,,,,,,,,
,99,,,,,,,,,,,,,,,,,,,,,,,,,,,,
,549,,,,,,,,,,,,,,,,,,,,,,,,,,,,
,252,,,,,,,,,,,,,,,,,,,,,,,,,,,,
,55,,,,,,,,,,,,,,,,,,,,,,,,,,,,
,398,,,,,,,,,,,,,,,,,,,,,,,,,,,,
,390,,,,,,,,,,,,,,,,,,,,,,,,,,,,
,541,,,,,,,,,,,,,,,,,,,,,,,,,,,,
,133,,,,,,,,,,,,,,,,,,,,,,,,,,,,
,71,,,,,,,,,,,,,,,,,,,,,,,,,,,,
,101,,,,,,,,,,,,,,,,,,,,,,,,,,,,
,97,,,,,,,,,,,,,,,,,,,,,,,,,,,,
,834,,,,,,,,,,,,,,,,,,,,,,,,,,,,
,484,,,,,,,,,,,,,,,,,,,,,,,,,,,,
,519,,,,,,,,,,,,,,,,,,,,,,,,,,,,
,747,,,,,,,,,,,,,,,,,,,,,,,,,,,,
,392,,,,,,,,,,,,,,,,,,,,,,,,,,,,
,691,,,,,,,,,,,,,,,,,,,,,,,,,,,,
,412,,,,,,,,,,,,,,,,,,,,,,,,,,,,
,669,,,,,,,,,,,,,,,,,,,,,,,,,,,,
,420,,,,,,,,,,,,,,,,,,,,,,,,,,,,
,475,,,,,,,,,,,,,,,,,,,,,,,,,,,,
,589,,,,,,,,,,,,,,,,,,,,,,,,,,,,
,638,,,,,,,,,,,,,,,,,,,,,,,,,,,,
,486,,,,,,,,,,,,,,,,,,,,,,,,,,,,
,568,,,,,,,,,,,,,,,,,,,,,,,,,,,,
,448,,,,,,,,,,,,,,,,,,,,,,,,,,,,
,526,,,,,,,,,,,,,,,,,,,,,,,,,,,,
,487,,,,,,,,,,,,,,,,,,,,,,,,,,,,
,667,,,,,,,,,,,,,,,,,,,,,,,,,,,,
,492,,,,,,,,,,,,,,,,,,,,,,,,,,,,
,38,,,,,,,,,,,,,,,,,,,,,,,,,,,,
,495,,,,,,,,,,,,,,,,,,,,,,,,,,,,
,859,,,,,,,,,,,,,,,,,,,,,,,,,,,,
,85,,,,,,,,,,,,,,,,,,,,,,,,,,,,
,503,,,,,,,,,,,,,,,,,,,,,,,,,,,,
,775,,,,,,,,,,,,,,,,,,,,,,,,,,,,
,511,,,,,,,,,,,,,,,,,,,,,,,,,,,,
,427,,,,,,,,,,,,,,,,,,,,,,,,,,,,
,98,,,,,,,,,,,,,,,,,,,,,,,,,,,,
,446,,,,,,,,,,,,,,,,,,,,,,,,,,,,
,543,,,,,,,,,,,,,,,,,,,,,,,,,,,,
,525,,,,,,,,,,,,,,,,,,,,,,,,,,,,
,576,,,,,,,,,,,,,,,,,,,,,,,,,,,,
,88,,,,,,,,,,,,,,,,,,,,,,,,,,,,
,109,,,,,,,,,,,,,,,,,,,,,,,,,,,,
,44,,,,,,,,,,,,,,,,,,,,,,,,,,,,
,12,,,,,,,,,,,,,,,,,,,,,,,,,,,,
,621,,,,,,,,,,,,,,,,,,,,,,,,,,,,
,731,,,,,,,,,,,,,,,,,,,,,,,,,,,,
,445,,,,,,,,,,,,,,,,,,,,,,,,,,,,
,437,,,,,,,,,,,,,,,,,,,,,,,,,,,,
,483,,,,,,,,,,,,,,,,,,,,,,,,,,,,
,579,,,,,,,,,,,,,,,,,,,,,,,,,,,,
,464,,,,,,,,,,,,,,,,,,,,,,,,,,,,
,546,,,,,,,,,,,,,,,,,,,,,,,,,,,,
,66,,,,,,,,,,,,,,,,,,,,,,,,,,,,
,569,,,,,,,,,,,,,,,,,,,,,,,,,,,,
,524,,,,,,,,,,,,,,,,,,,,,,,,,,,,
,485,,,,,,,,,,,,,,,,,,,,,,,,,,,,
,665,,,,,,,,,,,,,,,,,,,,,,,,,,,,
,81,,,,,,,,,,,,,,,,,,,,,,,,,,,,
,539,,,,,,,,,,,,,,,,,,,,,,,,,,,,
,428,,,,,,,,,,,,,,,,,,,,,,,,,,,,
,468,,,,,,,,,,,,,,,,,,,,,,,,,,,,
,421,,,,,,,,,,,,,,,,,,,,,,,,,,,,
,34,,,,,,,,,,,,,,,,,,,,,,,,,,,,
,564,,,,,,,,,,,,,,,,,,,,,,,,,,,,
,522,,,,,,,,,,,,,,,,,,,,,,,,,,,,
,482,,,,,,,,,,,,,,,,,,,,,,,,,,,,
,753,,,,,,,,,,,,,,,,,,,,,,,,,,,,
,39,,,,,,,,,,,,,,,,,,,,,,,,,,,,
,534,,,,,,,,,,,,,,,,,,,,,,,,,,,,
,489,,,,,,,,,,,,,,,,,,,,,,,,,,,,
,670,,,,,,,,,,,,,,,,,,,,,,,,,,,,
,432,,,,,,,,,,,,,,,,,,,,,,,,,,,,
,64,,,,,,,,,,,,,,,,,,,,,,,,,,,,
,471,,,,,,,,,,,,,,,,,,,,,,,,,,,,
,103,,,,,,,,,,,,,,,,,,,,,,,,,,,,
,65,,,,,,,,,,,,,,,,,,,,,,,,,,,,
,442,,,,,,,,,,,,,,,,,,,,,,,,,,,,
,653,,,,,,,,,,,,,,,,,,,,,,,,,,,,
,480,,,,,,,,,,,,,,,,,,,,,,,,,,,,
,100,,,,,,,,,,,,,,,,,,,,,,,,,,,,
,499,,,,,,,,,,,,,,,,,,,,,,,,,,,,
,22,,,,,,,,,,,,,,,,,,,,,,,,,,,,
,558,,,,,,,,,,,,,,,,,,,,,,,,,,,,
,587,,,,,,,,,,,,,,,,,,,,,,,,,,,,
,591,,,,,,,,,,,,,,,,,,,,,,,,,,,,
,83,,,,,,,,,,,,,,,,,,,,,,,,,,,,
,33,,,,,,,,,,,,,,,,,,,,,,,,,,,,
,567,,,,,,,,,,,,,,,,,,,,,,,,,,,,
,453,,,,,,,,,,,,,,,,,,,,,,,,,,,,
,594,,,,,,,,,,,,,,,,,,,,,,,,,,,,
,70,,,,,,,,,,,,,,,,,,,,,,,,,,,,
,647,,,,,,,,,,,,,,,,,,,,,,,,,,,,
,575,,,,,,,,,,,,,,,,,,,,,,,,,,,,
,496,,,,,,,,,,,,,,,,,,,,,,,,,,,,
,646,,,,,,,,,,,,,,,,,,,,,,,,,,,,
,597,,,,,,,,,,,,,,,,,,,,,,,,,,,,
,61,,,,,,,,,,,,,,,,,,,,,,,,,,,,
,29,,,,,,,,,,,,,,,,,,,,,,,,,,,,
,498,,,,,,,,,,,,,,,,,,,,,,,,,,,,
,505,,,,,,,,,,,,,,,,,,,,,,,,,,,,
,613,,,,,,,,,,,,,,,,,,,,,,,,,,,,
,477,,,,,,,,,,,,,,,,,,,,,,,,,,,,
,609,,,,,,,,,,,,,,,,,,,,,,,,,,,,
,460,,,,,,,,,,,,,,,,,,,,,,,,,,,,
,513,,,,,,,,,,,,,,,,,,,,,,,,,,,,
,616,,,,,,,,,,,,,,,,,,,,,,,,,,,,
,717,,,,,,,,,,,,,,,,,,,,,,,,,,,,
,836,,,,,,,,,,,,,,,,,,,,,,,,,,,,
,603,,,,,,,,,,,,,,,,,,,,,,,,,,,,
,474,,,,,,,,,,,,,,,,,,,,,,,,,,,,
,630,,,,,,,,,,,,,,,,,,,,,,,,,,,,
,608,,,,,,,,,,,,,,,,,,,,,,,,,,,,
,571,,,,,,,,,,,,,,,,,,,,,,,,,,,,
,633,,,,,,,,,,,,,,,,,,,,,,,,,,,,
,425,,,,,,,,,,,,,,,,,,,,,,,,,,,,
,11,,,,,,,,,,,,,,,,,,,,,,,,,,,,
,451,,,,,,,,,,,,,,,,,,,,,,,,,,,,
,566,,,,,,,,,,,,,,,,,,,,,,,,,,,,
,462,,,,,,,,,,,,,,,,,,,,,,,,,,,,
,590,,,,,,,,,,,,,,,,,,,,,,,,,,,,
,725,,,,,,,,,,,,,,,,,,,,,,,,,,,,
,53,,,,,,,,,,,,,,,,,,,,,,,,,,,,
,493,,,,,,,,,,,,,,,,,,,,,,,,,,,,
,52,,,,,,,,,,,,,,,,,,,,,,,,,,,,
,642,,,,,,,,,,,,,,,,,,,,,,,,,,,,
,528,,,,,,,,,,,,,,,,,,,,,,,,,,,,
,585,,,,,,,,,,,,,,,,,,,,,,,,,,,,
,50,,,,,,,,,,,,,,,,,,,,,,,,,,,,
,550,,,,,,,,,,,,,,,,,,,,,,,,,,,,
,675,,,,,,,,,,,,,,,,,,,,,,,,,,,,
,426,,,,,,,,,,,,,,,,,,,,,,,,,,,,
,77,,,,,,,,,,,,,,,,,,,,,,,,,,,,
,592,,,,,,,,,,,,,,,,,,,,,,,,,,,,
,574,,,,,,,,,,,,,,,,,,,,,,,,,,,,
,73,,,,,,,,,,,,,,,,,,,,,,,,,,,,
,516,,,,,,,,,,,,,,,,,,,,,,,,,,,,
,54,,,,,,,,,,,,,,,,,,,,,,,,,,,,
,612,,,,,,,,,,,,,,,,,,,,,,,,,,,,
,47,,,,,,,,,,,,,,,,,,,,,,,,,,,,
,517,,,,,,,,,,,,,,,,,,,,,,,,,,,,
,19,,,,,,,,,,,,,,,,,,,,,,,,,,,,
,457,,,,,,,,,,,,,,,,,,,,,,,,,,,,
,491,,,,,,,,,,,,,,,,,,,,,,,,,,,,
,919,,,,,,,,,,,,,,,,,,,,,,,,,,,,
,632,,,,,,,,,,,,,,,,,,,,,,,,,,,,
,801,,,,,,,,,,,,,,,,,,,,,,,,,,,,
,32,,,,,,,,,,,,,,,,,,,,,,,,,,,,
,542,,,,,,,,,,,,,,,,,,,,,,,,,,,,
,912,,,,,,,,,,,,,,,,,,,,,,,,,,,,
,473,,,,,,,,,,,,,,,,,,,,,,,,,,,,
,60,,,,,,,,,,,,,,,,,,,,,,,,,,,,
,655,,,,,,,,,,,,,,,,,,,,,,,,,,,,
,650,,,,,,,,,,,,,,,,,,,,,,,,,,,,
,450,,,,,,,,,,,,,,,,,,,,,,,,,,,,
,527,,,,,,,,,,,,,,,,,,,,,,,,,,,,
,514,,,,,,,,,,,,,,,,,,,,,,,,,,,,
,762,,,,,,,,,,,,,,,,,,,,,,,,,,,,
,67,,,,,,,,,,,,,,,,,,,,,,,,,,,,
,724,,,,,,,,,,,,,,,,,,,,,,,,,,,,
,110,,,,,,,,,,,,,,,,,,,,,,,,,,,,
,765,,,,,,,,,,,,,,,,,,,,,,,,,,,,
,781,,,,,,,,,,,,,,,,,,,,,,,,,,,,
,76,,,,,,,,,,,,,,,,,,,,,,,,,,,,
,63,,,,,,,,,,,,,,,,,,,,,,,,,,,,
,21,,,,,,,,,,,,,,,,,,,,,,,,,,,,
,537,,,,,,,,,,,,,,,,,,,,,,,,,,,,
,545,,,,,,,,,,,,,,,,,,,,,,,,,,,,
,692,,,,,,,,,,,,,,,,,,,,,,,,,,,,
,768,,,,,,,,,,,,,,,,,,,,,,,,,,,,
,41,,,,,,,,,,,,,,,,,,,,,,,,,,,,
,666,,,,,,,,,,,,,,,,,,,,,,,,,,,,
,502,,,,,,,,,,,,,,,,,,,,,,,,,,,,
,43,,,,,,,,,,,,,,,,,,,,,,,,,,,,
,521,,,,,,,,,,,,,,,,,,,,,,,,,,,,
,555,,,,,,,,,,,,,,,,,,,,,,,,,,,,
,715,,,,,,,,,,,,,,,,,,,,,,,,,,,,
,611,,,,,,,,,,,,,,,,,,,,,,,,,,,,
,557,,,,,,,,,,,,,,,,,,,,,,,,,,,,
,713,,,,,,,,,,,,,,,,,,,,,,,,,,,,
,619,,,,,,,,,,,,,,,,,,,,,,,,,,,,
,497,,,,,,,,,,,,,,,,,,,,,,,,,,,,
,662,,,,,,,,,,,,,,,,,,,,,,,,,,,,
,554,,,,,,,,,,,,,,,,,,,,,,,,,,,,
,529,,,,,,,,,,,,,,,,,,,,,,,,,,,,
,728,,,,,,,,,,,,,,,,,,,,,,,,,,,,
,30,,,,,,,,,,,,,,,,,,,,,,,,,,,,
,732,,,,,,,,,,,,,,,,,,,,,,,,,,,,
,562,,,,,,,,,,,,,,,,,,,,,,,,,,,,
,607,,,,,,,,,,,,,,,,,,,,,,,,,,,,
,761,,,,,,,,,,,,,,,,,,,,,,,,,,,,
,582,,,,,,,,,,,,,,,,,,,,,,,,,,,,
,828,,,,,,,,,,,,,,,,,,,,,,,,,,,,
,678,,,,,,,,,,,,,,,,,,,,,,,,,,,,
,629,,,,,,,,,,,,,,,,,,,,,,,,,,,,
,766,,,,,,,,,,,,,,,,,,,,,,,,,,,,
,535,,,,,,,,,,,,,,,,,,,,,,,,,,,,
,939,,,,,,,,,,,,,,,,,,,,,,,,,,,,
,672,,,,,,,,,,,,,,,,,,,,,,,,,,,,
,544,,,,,,,,,,,,,,,,,,,,,,,,,,,,
,832,,,,,,,,,,,,,,,,,,,,,,,,,,,,
,679,,,,,,,,,,,,,,,,,,,,,,,,,,,,
,684,,,,,,,,,,,,,,,,,,,,,,,,,,,,
,704,,,,,,,,,,,,,,,,,,,,,,,,,,,,
,572,,,,,,,,,,,,,,,,,,,,,,,,,,,,
,565,,,,,,,,,,,,,,,,,,,,,,,,,,,,
,583,,,,,,,,,,,,,,,,,,,,,,,,,,,,
,730,,,,,,,,,,,,,,,,,,,,,,,,,,,,
,533,,,,,,,,,,,,,,,,,,,,,,,,,,,,
,625,,,,,,,,,,,,,,,,,,,,,,,,,,,,
,643,,,,,,,,,,,,,,,,,,,,,,,,,,,,
,784,,,,,,,,,,,,,,,,,,,,,,,,,,,,
,560,,,,,,,,,,,,,,,,,,,,,,,,,,,,
,556,,,,,,,,,,,,,,,,,,,,,,,,,,,,
,51,,,,,,,,,,,,,,,,,,,,,,,,,,,,
,739,,,,,,,,,,,,,,,,,,,,,,,,,,,,
,755,,,,,,,,,,,,,,,,,,,,,,,,,,,,
,742,,,,,,,,,,,,,,,,,,,,,,,,,,,,
,506,,,,,,,,,,,,,,,,,,,,,,,,,,,,
,69,,,,,,,,,,,,,,,,,,,,,,,,,,,,
,820,,,,,,,,,,,,,,,,,,,,,,,,,,,,
,808,,,,,,,,,,,,,,,,,,,,,,,,,,,,
,586,,,,,,,,,,,,,,,,,,,,,,,,,,,,
,699,,,,,,,,,,,,,,,,,,,,,,,,,,,,
,518,,,,,,,,,,,,,,,,,,,,,,,,,,,,
,676,,,,,,,,,,,,,,,,,,,,,,,,,,,,
,673,,,,,,,,,,,,,,,,,,,,,,,,,,,,
,705,,,,,,,,,,,,,,,,,,,,,,,,,,,,
,599,,,,,,,,,,,,,,,,,,,,,,,,,,,,
,602,,,,,,,,,,,,,,,,,,,,,,,,,,,,
,1013,,,,,,,,,,,,,,,,,,,,,,,,,,,,
,738,,,,,,,,,,,,,,,,,,,,,,,,,,,,
,504,,,,,,,,,,,,,,,,,,,,,,,,,,,,
,530,,,,,,,,,,,,,,,,,,,,,,,,,,,,
,509,,,,,,,,,,,,,,,,,,,,,,,,,,,,
,744,,,,,,,,,,,,,,,,,,,,,,,,,,,,
,750,,,,,,,,,,,,,,,,,,,,,,,,,,,,
,4,,,,,,,,,,,,,,,,,,,,,,,,,,,,
,508,,,,,,,,,,,,,,,,,,,,,,,,,,,,
,26,,,,,,,,,,,,,,,,,,,,,,,,,,,,
,538,,,,,,,,,,,,,,,,,,,,,,,,,,,,
,606,,,,,,,,,,,,,,,,,,,,,,,,,,,,
,807,,,,,,,,,,,,,,,,,,,,,,,,,,,,
,721,,,,,,,,,,,,,,,,,,,,,,,,,,,,
,37,,,,,,,,,,,,,,,,,,,,,,,,,,,,
,42,,,,,,,,,,,,,,,,,,,,,,,,,,,,
,16,,,,,,,,,,,,,,,,,,,,,,,,,,,,
,559,,,,,,,,,,,,,,,,,,,,,,,,,,,,
,1049,,,,,,,,,,,,,,,,,,,,,,,,,,,,
,548,,,,,,,,,,,,,,,,,,,,,,,,,,,,
,20,,,,,,,,,,,,,,,,,,,,,,,,,,,,
,803,,,,,,,,,,,,,,,,,,,,,,,,,,,,
,35,,,,,,,,,,,,,,,,,,,,,,,,,,,,
,682,,,,,,,,,,,,,,,,,,,,,,,,,,,,
,674,,,,,,,,,,,,,,,,,,,,,,,,,,,,
,1168,,,,,,,,,,,,,,,,,,,,,,,,,,,,
,797,,,,,,,,,,,,,,,,,,,,,,,,,,,,
,570,,,,,,,,,,,,,,,,,,,,,,,,,,,,
,839,,,,,,,,,,,,,,,,,,,,,,,,,,,,
,722,,,,,,,,,,,,,,,,,,,,,,,,,,,,
,777,,,,,,,,,,,,,,,,,,,,,,,,,,,,
,677,,,,,,,,,,,,,,,,,,,,,,,,,,,,
,596,,,,,,,,,,,,,,,,,,,,,,,,,,,,
,1047,,,,,,,,,,,,,,,,,,,,,,,,,,,,
,688,,,,,,,,,,,,,,,,,,,,,,,,,,,,
,640,,,,,,,,,,,,,,,,,,,,,,,,,,,,
,701,,,,,,,,,,,,,,,,,,,,,,,,,,,,
,515,,,,,,,,,,,,,,,,,,,,,,,,,,,,
,500,,,,,,,,,,,,,,,,,,,,,,,,,,,,
,639,,,,,,,,,,,,,,,,,,,,,,,,,,,,
,884,,,,,,,,,,,,,,,,,,,,,,,,,,,,
,652,,,,,,,,,,,,,,,,,,,,,,,,,,,,
,829,,,,,,,,,,,,,,,,,,,,,,,,,,,,
,601,,,,,,,,,,,,,,,,,,,,,,,,,,,,
,743,,,,,,,,,,,,,,,,,,,,,,,,,,,,
,668,,,,,,,,,,,,,,,,,,,,,,,,,,,,
,635,,,,,,,,,,,,,,,,,,,,,,,,,,,,
,774,,,,,,,,,,,,,,,,,,,,,,,,,,,,
,693,,,,,,,,,,,,,,,,,,,,,,,,,,,,
,1122,,,,,,,,,,,,,,,,,,,,,,,,,,,,
,598,,,,,,,,,,,,,,,,,,,,,,,,,,,,
,626,,,,,,,,,,,,,,,,,,,,,,,,,,,,
,671,,,,,,,,,,,,,,,,,,,,,,,,,,,,
,17,,,,,,,,,,,,,,,,,,,,,,,,,,,,
,751,,,,,,,,,,,,,,,,,,,,,,,,,,,,
,620,,,,,,,,,,,,,,,,,,,,,,,,,,,,
,752,,,,,,,,,,,,,,,,,,,,,,,,,,,,
,782,,,,,,,,,,,,,,,,,,,,,,,,,,,,
,756,,,,,,,,,,,,,,,,,,,,,,,,,,,,
,723,,,,,,,,,,,,,,,,,,,,,,,,,,,,
,882,,,,,,,,,,,,,,,,,,,,,,,,,,,,
,622,,,,,,,,,,,,,,,,,,,,,,,,,,,,
,811,,,,,,,,,,,,,,,,,,,,,,,,,,,,
,540,,,,,,,,,,,,,,,,,,,,,,,,,,,,
,817,,,,,,,,,,,,,,,,,,,,,,,,,,,,
,651,,,,,,,,,,,,,,,,,,,,,,,,,,,,
,573,,,,,,,,,,,,,,,,,,,,,,,,,,,,
,618,,,,,,,,,,,,,,,,,,,,,,,,,,,,
,657,,,,,,,,,,,,,,,,,,,,,,,,,,,,
,948,,,,,,,,,,,,,,,,,,,,,,,,,,,,
,628,,,,,,,,,,,,,,,,,,,,,,,,,,,,
,978,,,,,,,,,,,,,,,,,,,,,,,,,,,,
,792,,,,,,,,,,,,,,,,,,,,,,,,,,,,
,830,,,,,,,,,,,,,,,,,,,,,,,,,,,,
,887,,,,,,,,,,,,,,,,,,,,,,,,,,,,
,805,,,,,,,,,,,,,,,,,,,,,,,,,,,,
,31,,,,,,,,,,,,,,,,,,,,,,,,,,,,
,681,,,,,,,,,,,,,,,,,,,,,,,,,,,,
,1157,,,,,,,,,,,,,,,,,,,,,,,,,,,,
,770,,,,,,,,,,,,,,,,,,,,,,,,,,,,
,641,,,,,,,,,,,,,,,,,,,,,,,,,,,,
,746,,,,,,,,,,,,,,,,,,,,,,,,,,,,
,536,,,,,,,,,,,,,,,,,,,,,,,,,,,,
,663,,,,,,,,,,,,,,,,,,,,,,,,,,,,
,700,,,,,,,,,,,,,,,,,,,,,,,,,,,,
,711,,,,,,,,,,,,,,,,,,,,,,,,,,,,
,623,,,,,,,,,,,,,,,,,,,,,,,,,,,,
,588,,,,,,,,,,,,,,,,,,,,,,,,,,,,
,877,,,,,,,,,,,,,,,,,,,,,,,,,,,,
,501,,,,,,,,,,,,,,,,,,,,,,,,,,,,
,934,,,,,,,,,,,,,,,,,,,,,,,,,,,,
,631,,,,,,,,,,,,,,,,,,,,,,,,,,,,
,936,,,,,,,,,,,,,,,,,,,,,,,,,,,,
,656,,,,,,,,,,,,,,,,,,,,,,,,,,,,
,734,,,,,,,,,,,,,,,,,,,,,,,,,,,,
,719,,,,,,,,,,,,,,,,,,,,,,,,,,,,
,727,,,,,,,,,,,,,,,,,,,,,,,,,,,,
,634,,,,,,,,,,,,,,,,,,,,,,,,,,,,
,1006,,,,,,,,,,,,,,,,,,,,,,,,,,,,
,600,,,,,,,,,,,,,,,,,,,,,,,,,,,,
,624,,,,,,,,,,,,,,,,,,,,,,,,,,,,
,18,,,,,,,,,,,,,,,,,,,,,,,,,,,,
,847,,,,,,,,,,,,,,,,,,,,,,,,,,,,
,712,,,,,,,,,,,,,,,,,,,,,,,,,,,,
,707,,,,,,,,,,,,,,,,,,,,,,,,,,,,
,531,,,,,,,,,,,,,,,,,,,,,,,,,,,,
,804,,,,,,,,,,,,,,,,,,,,,,,,,,,,
,578,,,,,,,,,,,,,,,,,,,,,,,,,,,,
,28,,,,,,,,,,,,,,,,,,,,,,,,,,,,
,1035,,,,,,,,,,,,,,,,,,,,,,,,,,,,
,552,,,,,,,,,,,,,,,,,,,,,,,,,,,,
,740,,,,,,,,,,,,,,,,,,,,,,,,,,,,
,835,,,,,,,,,,,,,,,,,,,,,,,,,,,,
,659,,,,,,,,,,,,,,,,,,,,,,,,,,,,
,815,,,,,,,,,,,,,,,,,,,,,,,,,,,,
,1062,,,,,,,,,,,,,,,,,,,,,,,,,,,,
,9,,,,,,,,,,,,,,,,,,,,,,,,,,,,
,718,,,,,,,,,,,,,,,,,,,,,,,,,,,,
,604,,,,,,,,,,,,,,,,,,,,,,,,,,,,
,897,,,,,,,,,,,,,,,,,,,,,,,,,,,,
,1071,,,,,,,,,,,,,,,,,,,,,,,,,,,,
,881,,,,,,,,,,,,,,,,,,,,,,,,,,,,
,966,,,,,,,,,,,,,,,,,,,,,,,,,,,,
,915,,,,,,,,,,,,,,,,,,,,,,,,,,,,
,812,,,,,,,,,,,,,,,,,,,,,,,,,,,,
,876,,,,,,,,,,,,,,,,,,,,,,,,,,,,
,772,,,,,,,,,,,,,,,,,,,,,,,,,,,,
,654,,,,,,,,,,,,,,,,,,,,,,,,,,,,
,796,,,,,,,,,,,,,,,,,,,,,,,,,,,,
,879,,,,,,,,,,,,,,,,,,,,,,,,,,,,
,867,,,,,,,,,,,,,,,,,,,,,,,,,,,,
,958,,,,,,,,,,,,,,,,,,,,,,,,,,,,
,649,,,,,,,,,,,,,,,,,,,,,,,,,,,,
,819,,,,,,,,,,,,,,,,,,,,,,,,,,,,
,716,,,,,,,,,,,,,,,,,,,,,,,,,,,,
,593,,,,,,,,,,,,,,,,,,,,,,,,,,,,
,794,,,,,,,,,,,,,,,,,,,,,,,,,,,,
,1308,,,,,,,,,,,,,,,,,,,,,,,,,,,,
,1072,,,,,,,,,,,,,,,,,,,,,,,,,,,,
,809,,,,,,,,,,,,,,,,,,,,,,,,,,,,
,614,,,,,,,,,,,,,,,,,,,,,,,,,,,,
,999,,,,,,,,,,,,,,,,,,,,,,,,,,,,
,871,,,,,,,,,,,,,,,,,,,,,,,,,,,,
,702,,,,,,,,,,,,,,,,,,,,,,,,,,,,
,1009,,,,,,,,,,,,,,,,,,,,,,,,,,,,
,951,,,,,,,,,,,,,,,,,,,,,,,,,,,,
,862,,,,,,,,,,,,,,,,,,,,,,,,,,,,
,942,,,,,,,,,,,,,,,,,,,,,,,,,,,,
,976,,,,,,,,,,,,,,,,,,,,,,,,,,,,
,841,,,,,,,,,,,,,,,,,,,,,,,,,,,,
,636,,,,,,,,,,,,,,,,,,,,,,,,,,,,
,940,,,,,,,,,,,,,,,,,,,,,,,,,,,,
,686,,,,,,,,,,,,,,,,,,,,,,,,,,,,
,749,,,,,,,,,,,,,,,,,,,,,,,,,,,,
,778,,,,,,,,,,,,,,,,,,,,,,,,,,,,
,849,,,,,,,,,,,,,,,,,,,,,,,,,,,,
,959,,,,,,,,,,,,,,,,,,,,,,,,,,,,
,687,,,,,,,,,,,,,,,,,,,,,,,,,,,,
,791,,,,,,,,,,,,,,,,,,,,,,,,,,,,
,798,,,,,,,,,,,,,,,,,,,,,,,,,,,,
,864,,,,,,,,,,,,,,,,,,,,,,,,,,,,
,760,,,,,,,,,,,,,,,,,,,,,,,,,,,,
,965,,,,,,,,,,,,,,,,,,,,,,,,,,,,
,840,,,,,,,,,,,,,,,,,,,,,,,,,,,,
,660,,,,,,,,,,,,,,,,,,,,,,,,,,,,
,838,,,,,,,,,,,,,,,,,,,,,,,,,,,,
,921,,,,,,,,,,,,,,,,,,,,,,,,,,,,
,698,,,,,,,,,,,,,,,,,,,,,,,,,,,,
,813,,,,,,,,,,,,,,,,,,,,,,,,,,,,
,764,,,,,,,,,,,,,,,,,,,,,,,,,,,,
,737,,,,,,,,,,,,,,,,,,,,,,,,,,,,
,680,,,,,,,,,,,,,,,,,,,,,,,,,,,,
,899,,,,,,,,,,,,,,,,,,,,,,,,,,,,
,924,,,,,,,,,,,,,,,,,,,,,,,,,,,,
,1085,,,,,,,,,,,,,,,,,,,,,,,,,,,,
,890,,,,,,,,,,,,,,,,,,,,,,,,,,,,
,851,,,,,,,,,,,,,,,,,,,,,,,,,,,,
,1175,,,,,,,,,,,,,,,,,,,,,,,,,,,,
,708,,,,,,,,,,,,,,,,,,,,,,,,,,,,
,937,,,,,,,,,,,,,,,,,,,,,,,,,,,,
,814,,,,,,,,,,,,,,,,,,,,,,,,,,,,
,993,,,,,,,,,,,,,,,,,,,,,,,,,,,,
,826,,,,,,,,,,,,,,,,,,,,,,,,,,,,
,758,,,,,,,,,,,,,,,,,,,,,,,,,,,,
,866,,,,,,,,,,,,,,,,,,,,,,,,,,,,
,694,,,,,,,,,,,,,,,,,,,,,,,,,,,,
,757,,,,,,,,,,,,,,,,,,,,,,,,,,,,
,802,,,,,,,,,,,,,,,,,,,,,,,,,,,,
,25,,,,,,,,,,,,,,,,,,,,,,,,,,,,
,14,,,,,,,,,,,,,,,,,,,,,,,,,,,,
,658,,,,,,,,,,,,,,,,,,,,,,,,,,,,
,741,,,,,,,,,,,,,,,,,,,,,,,,,,,,
,1041,,,,,,,,,,,,,,,,,,,,,,,,,,,,
,779,,,,,,,,,,,,,,,,,,,,,,,,,,,,
,855,,,,,,,,,,,,,,,,,,,,,,,,,,,,
,697,,,,,,,,,,,,,,,,,,,,,,,,,,,,
,1086,,,,,,,,,,,,,,,,,,,,,,,,,,,,
,943,,,,,,,,,,,,,,,,,,,,,,,,,,,,
,745,,,,,,,,,,,,,,,,,,,,,,,,,,,,
,929,,,,,,,,,,,,,,,,,,,,,,,,,,,,
,854,,,,,,,,,,,,,,,,,,,,,,,,,,,,
,1001,,,,,,,,,,,,,,,,,,,,,,,,,,,,
,868,,,,,,,,,,,,,,,,,,,,,,,,,,,,
,690,,,,,,,,,,,,,,,,,,,,,,,,,,,,
,861,,,,,,,,,,,,,,,,,,,,,,,,,,,,
,1179,,,,,,,,,,,,,,,,,,,,,,,,,,,,
,24,,,,,,,,,,,,,,,,,,,,,,,,,,,,
,914,,,,,,,,,,,,,,,,,,,,,,,,,,,,
,1078,,,,,,,,,,,,,,,,,,,,,,,,,,,,
,1004,,,,,,,,,,,,,,,,,,,,,,,,,,,,
,848,,,,,,,,,,,,,,,,,,,,,,,,,,,,
,771,,,,,,,,,,,,,,,,,,,,,,,,,,,,
,896,,,,,,,,,,,,,,,,,,,,,,,,,,,,
,970,,,,,,,,,,,,,,,,,,,,,,,,,,,,
,754,,,,,,,,,,,,,,,,,,,,,,,,,,,,
,783,,,,,,,,,,,,,,,,,,,,,,,,,,,,
,941,,,,,,,,,,,,,,,,,,,,,,,,,,,,
,1496,,,,,,,,,,,,,,,,,,,,,,,,,,,,
,823,,,,,,,,,,,,,,,,,,,,,,,,,,,,
,685,,,,,,,,,,,,,,,,,,,,,,,,,,,,
,780,,,,,,,,,,,,,,,,,,,,,,,,,,,,
,733,,,,,,,,,,,,,,,,,,,,,,,,,,,,
,726,,,,,,,,,,,,,,,,,,,,,,,,,,,,
,878,,,,,,,,,,,,,,,,,,,,,,,,,,,,
,810,,,,,,,,,,,,,,,,,,,,,,,,,,,,
,786,,,,,,,,,,,,,,,,,,,,,,,,,,,,
,748,,,,,,,,,,,,,,,,,,,,,,,,,,,,
,729,,,,,,,,,,,,,,,,,,,,,,,,,,,,
,898,,,,,,,,,,,,,,,,,,,,,,,,,,,,
,1016,,,,,,,,,,,,,,,,,,,,,,,,,,,,
,1040,,,,,,,,,,,,,,,,,,,,,,,,,,,,
,1257,,,,,,,,,,,,,,,,,,,,,,,,,,,,
,1100,,,,,,,,,,,,,,,,,,,,,,,,,,,,
,787,,,,,,,,,,,,,,,,,,,,,,,,,,,,
,913,,,,,,,,,,,,,,,,,,,,,,,,,,,,
,1052,,,,,,,,,,,,,,,,,,,,,,,,,,,,
,789,,,,,,,,,,,,,,,,,,,,,,,,,,,,
,769,,,,,,,,,,,,,,,,,,,,,,,,,,,,
,1014,,,,,,,,,,,,,,,,,,,,,,,,,,,,
,788,,,,,,,,,,,,,,,,,,,,,,,,,,,,
,900,,,,,,,,,,,,,,,,,,,,,,,,,,,,
